-- Adminer 3.5.1 MySQL dump

SET NAMES utf8;
SET foreign_key_checks = 0;
SET time_zone = 'SYSTEM';
SET sql_mode = 'NO_AUTO_VALUE_ON_ZERO';

INSERT INTO `addons` (`id`, `name`, `composerName`, `userId`, `repository`, `shortDescription`, `description`, `demo`, `updatedAt`, `defaultLicense`) VALUES
(1,	'nette.ajax.js',	'vojtech-dobes/nette-ajax-js',	8,	'https://github.com/vojtech-dobes/nette.ajax.js',	'Flexible utility script for AJAX in Nette Framework. Supports snippets, redirects etc.',	'## For Nette Framework\r\n\r\nFlexible utility script for AJAX. Supports snippets, redirects etc.\r\n\r\n## License\r\n\r\nMIT\r\n\r\n## Dependencies\r\n\r\n- jQuery 1.7\r\n\r\n## Installation\r\n\r\n1. Get the source code from Github.\r\n2. Move `nette.ajax.js` to your directory with Javascript files.\r\n3. Link the file in your templates.\r\n4. Put somewhere the initialization routine. See `example.js` for inspiration.\r\n\r\n## Usage\r\n\r\nIt works as a jQuery plugin. As well known `jquery.nette.js`, it installs itself into `$.nette`. But similarities end here.\r\n\r\nYou have to explicitly initialize plugin via method `init`. Plugin has predefined hooks for links and forms with `ajax` CSS class. It may be enough for you. If you want to change the behavior, you may:\r\n\r\n* Alter the selectors via setting `$.nette.ext(\'init\').linkSelector` or `$.nette.ext(\'init\').formSelector` to whatever you wish.\r\n* Or you may redefine ajaxifying routine completely.\r\n\r\nMethod `init()` accepts hash of event callbacks (if you provide just function instead, it will be considered callback for `load` event). `load` event callback is the right place, where you should ajaxify all elements you want. Callback will be called with with `handler` function as first argument:\r\n\r\n```js\r\n$.nette.init(function (handler) {\r\n	$(\'a.ajax\').click(handler);\r\n});\r\n```\r\n\r\nThat way or another, you\'re ready to go.\r\n\r\n## Extensions\r\n\r\nAlmost every functionality is implemented via set of 7 available events under the hood. You may hook them via concept of extensions. Every extension consists of 3 elements: name, set of event callbacks and some default context for storing values etc.\r\n\r\n```js\r\n$.nette.ext(\'name\', {\r\n	nameOfEvent: function () { ... },\r\n	...\r\n}, {foo: bar});\r\n```\r\n\r\nContext is shared in every event callbacks and accessible via `this`.\r\n\r\nExtension may implement all 7 events or just one. Available events are these:\r\n\r\n- `init` -  called just once\r\n- `load (ajaxHandler)` - may be called more times (called at the end of `init()` method automatically)\r\n- `before (settings, ui, e)` - called before AJAX request is created\r\n- `start (jqXHR)` - called immediatelly after creation of request\r\n- `success (payload)` - called after successful request\r\n- `complete` - called after any request\r\n- `error` - called after failed request\r\n\r\nEvent callbacks receive arguments as shown in parentheses. All of them also get instance of plugin itself as last argument. That means both markups are equivalent:\r\n\r\n```js\r\nsuccess: function () {\r\n	$.nette.load();\r\n}\r\n```\r\n\r\n```js\r\nsuccess: function (payload, nette) {\r\n	nette.load();\r\n}\r\n```\r\n\r\nExtension may be disabled by calling: `$.nette.ext(\'name\', null);`. You can also modify it directly - just grab the instance of extension by calling `$.nette.ext(\'name\');` without other arguments. Returned object is instance of context:\r\n\r\n```js\r\n// context of extension\r\n$.nette.ext(\'unique\');\r\n```\r\n\r\n## Default extensions\r\n\r\n### Validation\r\n\r\nPerforms various checks of event causing the request:\r\n\r\n- CTRL, ALT, SHIFT keys or middle mouse button will prevent ajaxification,\r\n- absolute URLs and hash links will prevent ajaxification,\r\n- also performs validation of submitted form.\r\n\r\nValidation for element can be disabled by HTML 5 data attribute `data-ajax-validate=\"false\"`. You may also switch various parts of validation in `ajax()` method by providing `validate` key in options. For example:\r\n\r\n```js\r\n$(\'#link\').click(function (e) {\r\n	$.nette.ajax({\r\n		validate: {\r\n			keys: false // CTRL, ALT etc. will not prevent ajaxification\r\n		}\r\n	}, this, e);\r\n});\r\n```\r\n\r\n### Forms\r\n\r\nCollects data from form elements including image button coordinates.\r\n\r\n### Snippets\r\n\r\nEnsures update of all invalidated snippets in DOM. Update routine can be altered by replacing any of 3 following methods:\r\n\r\n- `updateSnippet` calls other methods, handles IE issues with `<title>` snippet.\r\n- `getElement` implements default Nette implementation of snippets (name of snippet is its ID attribute).\r\n- `applySnippet` best place for adding some animations etc. Default implementation just calls `.html()`.\r\n\r\n### Redirect\r\n\r\nIf payload contains `redirect` key, JS will perform change of location.\r\n\r\n### History\r\n\r\nTakes care of saving the state to browser history if possible.\r\n\r\n### Unique\r\n\r\nEnsures there is always just one request running. When one request begins, previous one will be aborted.\r\n\r\n### Abort\r\n\r\nUser can abort running request by pressing ESC.\r\n\r\n### Init\r\n\r\nSpecial extension with default ajaxifying implementation. `init()` called with arguments will override it. Default implementation provides following parameters:\r\n\r\n- `linkSelector` for ajaxifying links\r\n- `formSelector` for ajaxifying submitting of form and clicking on its submit buttons and image buttons\r\n- `buttonSelector` for ajaxifying specific buttons in non-ajax forms\r\n\r\nAll ajaxified elements should be marked by CSS class `ajax`.\r\n',	NULL,	'2012-09-04 13:31:07',	'MIT'),
(2,	'WebLoader',	'janmarek/webloader',	8,	'https://github.com/janmarek/WebLoader',	'Tool for loading or deploying CSS and JS files into web pages',	'WebLoader\r\n=========\r\n\r\nComponent for CSS and JS files loading\r\n\r\nAuthor: Jan Marek\r\nLicence: MIT\r\n\r\nExample:\r\n\r\n	<?php\r\n\r\n	// presenter factory in nette\r\n\r\n	protected function createComponentCss()\r\n	{\r\n		$files = new WebLoader\\FileCollection(WWW_DIR . \'/css\');\r\n		$files->addFiles(array(\r\n			\'style.css\',\r\n			WWW_DIR . \'/colorbox/colorbox.css\',\r\n		));\r\n\r\n		$compiler = WebLoader\\Compiler::createCssCompiler($files, WWW_DIR . \'/temp\');\r\n\r\n		$compiler->addFilter(new WebLoader\\Filter\\VariablesFilter(array(\'foo\' => \'bar\'));\r\n		$compiler->addFilter(function ($code) {\r\n			return cssmin::minify($code, \"remove-last-semicolon\");\r\n		});\r\n\r\n		$control = new WebLoader\\Nette\\CssLoader($compiler, \'/webtemp\');\r\n		$control->setMedia(\'screen\');\r\n\r\n		return $control;\r\n	}\r\n\r\nTemplate:\r\n\r\n	{control css}\r\n\r\n\r\n\r\nExample with Nette Framework extension used\r\n-------------------------------------------\r\n\r\n\r\n\r\nExtension is registered in bootstrap.php:\r\n\r\n	$webloaderExtension = new \\WebLoader\\Nette\\Extension();\r\n	$webloaderExtension->install($configurator);\r\n\r\n\r\nConfiguration in config.neon:\r\n\r\n	services:\r\n	  wlCssFilter: WebLoader\\Filter\\CssUrlsFilter(%wwwDir%)\r\n\r\n	webloader:\r\n	  css:\r\n		default:\r\n		  files:\r\n			- style.css\r\n			- {files: [\"*.css\", \"*.less\"], from: %appDir%/presenters} # Nette\\Utils\\Finder support\r\n		  filters:\r\n			- @wlCssFilter\r\n	  js:\r\n		default:\r\n		  remoteFiles:\r\n			- http://ajax.googleapis.com/ajax/libs/jquery/1.7/jquery.min.js\r\n			- http://ajax.googleapis.com/ajax/libs/jqueryui/1.8.16/jquery-ui.min.js\r\n		  files:\r\n			- %appDir%/../libs/nette/nette/client-side/forms/netteForms.js\r\n			- web.js\r\n\r\n\r\n\r\nBasePresenter.php:\r\n\r\n	public function createComponentCss()\r\n	{\r\n		return new \\WebLoader\\Nette\\CssLoader(\r\n			$this->context->webloader->cssDefaultCompiler, // service generated by extension\r\n			$this->template->basePath . \'/webtemp\'\r\n		);\r\n	}\r\n\r\n	public function createComponentJs()\r\n	{\r\n		return new \\WebLoader\\Nette\\JavaScriptLoader(\r\n			$this->context->webloader->jsDefaultCompiler, // service generated by extension\r\n			$this->template->basePath . \'/webtemp\'\r\n		);\r\n	}',	NULL,	'2012-09-04 13:36:27',	'MIT'),
(3,	'FormsBootstrapRendererExtension',	'kdyby/bootstrap-form-renderer',	8,	'https://github.com/Kdyby/FormsBootstrapRendererExtension',	'Nette forms renderer with bootstrap',	'# Kdyby/BootstrapRenderer [![Build Status](https://secure.travis-ci.org/Kdyby/Framework.png?branch=master)](http://travis-ci.org/Kdyby/Framework)\r\n\r\nForms Renderer for Nette Framework, that allows partial rendering and uses [Twitter Bootstrap markup and classes](http://twitter.github.com/bootstrap/base-css.html#forms).\r\n\r\n\r\n## Requirements\r\n\r\nKdyby/BootstrapRenderer requires PHP 5.3.2 or higher.\r\n\r\n- [Nette Framework 2.0.x](https://github.com/nette/nette)\r\n\r\n\r\n## Installation\r\n\r\n- [Get composer](http://getcomposer.org/doc/00-intro.md)\r\n- Install package <code>kdyby/bootstrap-form-renderer</code>\r\n\r\n\r\n## Usage\r\n\r\nFirst you have to register the renderer to form.\r\n\r\n    use Kdyby\\Extension\\Forms\\BootstrapRenderer\\BootstrapRenderer;\r\n    $form->setRenderer(new BootstrapRenderer);\r\n\r\nFor performance optimizations, you can provider your own template instance.\r\n\r\n    // $this instanceof Nette\\Application\\UI\\Presenter\r\n    $form->setRenderer(new BootstrapRenderer($this->createTemplate()));\r\n\r\nAll the usage cases expects you to have the form component in variable named <code>$form</code>\r\n\r\n\r\n### Basic rendering\r\n\r\nEntire form\r\n\r\n    {control formName}\r\n\r\nBeginning of the form\r\n\r\n    {$form->render(\'begin\')}\r\n\r\nErrors\r\n\r\n> Renders only errors, that have not associated form element.\r\n\r\n    {$form->render(\'errors\')}\r\n\r\nBody\r\n\r\n> Renders all controls and groups, that are not yet rendered.\r\n\r\n    {$form->render(\'body\')}\r\n\r\nEnd\r\n\r\n> Renders all hidden inputs, and then the closing tag of form.\r\n\r\n    {$form->render(\'end\')}\r\n\r\n\r\n### Rendering of form components\r\n\r\nControl\r\n\r\n> Renders the container div around the control, its label and input.\r\n\r\n    {$form->render($form[\'controlName\'])}\r\n\r\nContainer\r\n\r\n> Renders all the inputs in container, that are not yet rendered.\r\n\r\n    {$form->render($form[\'containerName\'])}\r\n\r\nGroup\r\n\r\n> Renders fieldset, legend and all the controls in group, that are not yet rendered.\r\n\r\n    {$form->render($form->getGroup(\'Group name\'))}\r\n\r\n\r\n\r\n-----\r\n\r\nKdyby Framework: homepage [http://www.kdyby.org](http://www.kdyby.org) and repository [http://github.com/kdyby/framework](http://github.com/kdyby/framework).\r\nSandbox, pre-packaged and configured project: [http://github.com/kdyby/sandbox](http://github.com/kdyby/sandbox)\r\n',	NULL,	'2012-09-04 13:56:02',	'BSD-3-Clause,GPL-2.0+'),
(4,	'DatePicker',	'jantvrdik/datepicker',	8,	NULL,	'Form component for selecting date compatible with jQuery UI and HTML 5.',	'| Version        | 2.3\r\n| Repository     | [https://github.com/JanTvrdik/NetteExtras | https://github.com/JanTvrdik/NetteExtras/tree/master/NetteExtras/Components/DatePicker]\r\n| Download       | http://nette.merxes.cz/date-picker/\r\n| Author         | Jan Tvrdík\r\n| License        | MIT\r\n| Requirements   | Nette Framework 2.x, jQuery 1.4.3+, jQuery UI\r\n\r\n\r\n.{clear: both}\r\n- Internally uses **DateTime** (method `getValue()` returns instance of `DateTime` or `NULL`).\r\n- Generates valid **HTML 5**.\r\n- The calendar is rendered by **jQuery UI [DatePicker | http://jqueryui.com/demos/datepicker/]** with fallback to HTML 5 a HTML 4. (If browser does not support neither Javascript nor HTML 5, normal text field is displayed allowing user to enter the date manually.)\r\n- Can limit **minimum and maximum date** which can be selected.\r\n',	NULL,	'2012-09-04 14:18:27',	'MIT');

INSERT INTO `addons_dependencies` (`id`, `versionId`, `dependencyId`, `packageName`, `version`, `type`) VALUES
(1,	9,	NULL,	'nette/nette',	'2.0.*',	'require'),
(2,	10,	NULL,	'php',	'>=5.3.2',	'require'),
(3,	10,	NULL,	'nette/nette',	'2.0.*',	'require'),
(4,	10,	NULL,	'kdyby/framework',	'self.version',	'conflict'),
(5,	11,	NULL,	'php',	'>=5.3.2',	'require'),
(6,	11,	NULL,	'nette/nette',	'2.0.*',	'require'),
(7,	11,	NULL,	'kdyby/framework',	'self.version',	'conflict'),
(8,	12,	NULL,	'php',	'>=5.3.2',	'require'),
(9,	12,	NULL,	'nette/nette',	'*',	'require'),
(10,	12,	NULL,	'kdyby/framework',	'self.version',	'conflict');

INSERT INTO `addons_tags` (`addonId`, `tagId`) VALUES
(2,	10),
(2,	11),
(2,	12),
(2,	13),
(2,	14),
(3,	14),
(3,	15),
(3,	16),
(3,	17);

INSERT INTO `addons_versions` (`id`, `addonId`, `version`, `license`, `distType`, `distUrl`, `sourceType`, `sourceUrl`, `sourceReference`, `composerJson`) VALUES
(1,	1,	'1.0.1',	'MIT',	'zip',	'https://github.com/vojtech-dobes/nette.ajax.js/zipball/1.0.1',	'git',	'https://github.com/vojtech-dobes/nette.ajax.js',	'1.0.1',	'{\"name\":\"vojtech-dobes\\/nette-ajax-js\",\"description\":\"Flexible utility script for AJAX in Nette Framework. Supports snippets, redirects etc.\",\"version\":\"1.0.1\",\"license\":[\"MIT\"],\"dist\":{\"type\":\"zip\",\"url\":\"https:\\/\\/github.com\\/vojtech-dobes\\/nette.ajax.js\\/zipball\\/1.0.1\",\"reference\":null,\"shasum\":null},\"source\":{\"type\":\"git\",\"url\":\"https:\\/\\/github.com\\/vojtech-dobes\\/nette.ajax.js\",\"reference\":\"1.0.1\"},\"authors\":[{\"name\":\"Merxes\",\"email\":\"me@gmail.com\"}]}'),
(2,	1,	'1.0.0',	'MIT',	'zip',	'https://github.com/vojtech-dobes/nette.ajax.js/zipball/1.0.0',	'git',	'https://github.com/vojtech-dobes/nette.ajax.js',	'1.0.0',	'{\"name\":\"vojtech-dobes\\/nette-ajax-js\",\"description\":\"Flexible utility script for AJAX in Nette Framework. Supports snippets, redirects etc.\",\"version\":\"1.0.0\",\"license\":[\"MIT\"],\"dist\":{\"type\":\"zip\",\"url\":\"https:\\/\\/github.com\\/vojtech-dobes\\/nette.ajax.js\\/zipball\\/1.0.0\",\"reference\":null,\"shasum\":null},\"source\":{\"type\":\"git\",\"url\":\"https:\\/\\/github.com\\/vojtech-dobes\\/nette.ajax.js\",\"reference\":\"1.0.0\"},\"authors\":[{\"name\":\"Merxes\",\"email\":\"me@gmail.com\"}]}'),
(3,	1,	'1.1.2',	'MIT',	'zip',	'https://github.com/vojtech-dobes/nette.ajax.js/zipball/1.1.2',	'git',	'https://github.com/vojtech-dobes/nette.ajax.js',	'1.1.2',	'{\"name\":\"vojtech-dobes\\/nette-ajax-js\",\"description\":\"Flexible utility script for AJAX in Nette Framework. Supports snippets, redirects etc.\",\"version\":\"1.1.2\",\"license\":[\"MIT\"],\"dist\":{\"type\":\"zip\",\"url\":\"https:\\/\\/github.com\\/vojtech-dobes\\/nette.ajax.js\\/zipball\\/1.1.2\",\"reference\":null,\"shasum\":null},\"source\":{\"type\":\"git\",\"url\":\"https:\\/\\/github.com\\/vojtech-dobes\\/nette.ajax.js\",\"reference\":\"1.1.2\"},\"authors\":[{\"name\":\"Merxes\",\"email\":\"me@gmail.com\"}]}'),
(4,	1,	'1.1.1',	'MIT',	'zip',	'https://github.com/vojtech-dobes/nette.ajax.js/zipball/1.1.1',	'git',	'https://github.com/vojtech-dobes/nette.ajax.js',	'1.1.1',	'{\"name\":\"vojtech-dobes\\/nette-ajax-js\",\"description\":\"Flexible utility script for AJAX in Nette Framework. Supports snippets, redirects etc.\",\"version\":\"1.1.1\",\"license\":[\"MIT\"],\"dist\":{\"type\":\"zip\",\"url\":\"https:\\/\\/github.com\\/vojtech-dobes\\/nette.ajax.js\\/zipball\\/1.1.1\",\"reference\":null,\"shasum\":null},\"source\":{\"type\":\"git\",\"url\":\"https:\\/\\/github.com\\/vojtech-dobes\\/nette.ajax.js\",\"reference\":\"1.1.1\"},\"authors\":[{\"name\":\"Merxes\",\"email\":\"me@gmail.com\"}]}'),
(5,	1,	'1.1.0',	'MIT',	'zip',	'https://github.com/vojtech-dobes/nette.ajax.js/zipball/1.1.0',	'git',	'https://github.com/vojtech-dobes/nette.ajax.js',	'1.1.0',	'{\"name\":\"vojtech-dobes\\/nette-ajax-js\",\"description\":\"Flexible utility script for AJAX in Nette Framework. Supports snippets, redirects etc.\",\"version\":\"1.1.0\",\"license\":[\"MIT\"],\"dist\":{\"type\":\"zip\",\"url\":\"https:\\/\\/github.com\\/vojtech-dobes\\/nette.ajax.js\\/zipball\\/1.1.0\",\"reference\":null,\"shasum\":null},\"source\":{\"type\":\"git\",\"url\":\"https:\\/\\/github.com\\/vojtech-dobes\\/nette.ajax.js\",\"reference\":\"1.1.0\"},\"authors\":[{\"name\":\"Merxes\",\"email\":\"me@gmail.com\"}]}'),
(6,	1,	'dev-master',	'MIT',	'zip',	'https://github.com/vojtech-dobes/nette.ajax.js/zipball/master',	'git',	'https://github.com/vojtech-dobes/nette.ajax.js',	'master',	'{\"name\":\"vojtech-dobes\\/nette-ajax-js\",\"description\":\"Flexible utility script for AJAX in Nette Framework. Supports snippets, redirects etc.\",\"version\":\"dev-master\",\"license\":[\"MIT\"],\"dist\":{\"type\":\"zip\",\"url\":\"https:\\/\\/github.com\\/vojtech-dobes\\/nette.ajax.js\\/zipball\\/master\",\"reference\":null,\"shasum\":null},\"source\":{\"type\":\"git\",\"url\":\"https:\\/\\/github.com\\/vojtech-dobes\\/nette.ajax.js\",\"reference\":\"master\"},\"authors\":[{\"name\":\"Merxes\",\"email\":\"me@gmail.com\"}]}'),
(7,	2,	'2.0.1',	'MIT',	'zip',	'https://github.com/janmarek/WebLoader/zipball/2.0.1',	'git',	'https://github.com/janmarek/WebLoader',	'2.0.1',	'{\"name\":\"janmarek\\/webloader\",\"description\":\"Tool for loading or deploying CSS and JS files into web pages\",\"version\":\"2.0.1\",\"license\":[\"MIT\"],\"dist\":{\"type\":\"zip\",\"url\":\"https:\\/\\/github.com\\/janmarek\\/WebLoader\\/zipball\\/2.0.1\",\"reference\":null,\"shasum\":null},\"source\":{\"type\":\"git\",\"url\":\"https:\\/\\/github.com\\/janmarek\\/WebLoader\",\"reference\":\"2.0.1\"},\"authors\":[{\"name\":\"Merxes\",\"email\":\"me@gmail.com\"}]}'),
(8,	2,	'dev-jm-nette-extension',	'MIT',	'zip',	'https://github.com/janmarek/WebLoader/zipball/jm-nette-extension',	'git',	'https://github.com/janmarek/WebLoader',	'jm-nette-extension',	'{\"name\":\"janmarek\\/webloader\",\"description\":\"Tool for loading or deploying CSS and JS files into web pages\",\"version\":\"dev-jm-nette-extension\",\"license\":[\"MIT\"],\"dist\":{\"type\":\"zip\",\"url\":\"https:\\/\\/github.com\\/janmarek\\/WebLoader\\/zipball\\/jm-nette-extension\",\"reference\":null,\"shasum\":null},\"source\":{\"type\":\"git\",\"url\":\"https:\\/\\/github.com\\/janmarek\\/WebLoader\",\"reference\":\"jm-nette-extension\"},\"authors\":[{\"name\":\"Merxes\",\"email\":\"me@gmail.com\"}]}'),
(9,	2,	'dev-master',	'MIT',	'zip',	'https://github.com/janmarek/WebLoader/zipball/master',	'git',	'https://github.com/janmarek/WebLoader',	'master',	'{\"name\":\"JanMarek\\/WebLoader\",\"description\":\"Tool for loading or deploying CSS and JS files into web pages\",\"keywords\":[\"webloader\",\"css\",\"javascript\",\"assets\",\"nette\"],\"homepage\":\"http:\\/\\/addons.nette.org\\/cs\\/webloader\",\"license\":[\"MIT\"],\"authors\":[{\"name\":\"Jan Marek\",\"email\":\"mail@janmarek.net\"}],\"autoload\":{\"psr-0\":{\"WebLoader\":\"\"}},\"require\":{\"nette\\/nette\":\"2.0.*\"},\"version\":\"dev-master\",\"dist\":{\"type\":\"zip\",\"url\":\"https:\\/\\/github.com\\/janmarek\\/WebLoader\\/zipball\\/master\",\"reference\":null,\"shasum\":null},\"source\":{\"type\":\"git\",\"url\":\"https:\\/\\/github.com\\/janmarek\\/WebLoader\",\"reference\":\"master\"}}'),
(10,	3,	'0.9.1',	'BSD-3,GPLv2,GPLv3',	'zip',	'https://github.com/Kdyby/FormsBootstrapRendererExtension/zipball/v0.9.1',	'git',	'https://github.com/Kdyby/FormsBootstrapRendererExtension',	'v0.9.1',	'{\"name\":\"kdyby\\/bootstrap-form-renderer\",\"description\":\"Nette forms renderer with bootstrap\",\"keywords\":[\"nette\",\"kdyby\",\"forms\",\"bootstrap\"],\"homepage\":\"http:\\/\\/kdyby.org\",\"license\":[\"BSD-3\",\"GPLv2\",\"GPLv3\"],\"authors\":[{\"name\":\"Filip Proch\\u00e1zka\",\"homepage\":\"http:\\/\\/hosiplan.com\"}],\"support\":{\"email\":\"hosiplan@kdyby.org\",\"issues\":\"https:\\/\\/github.com\\/kdyby\\/framework\\/issues\"},\"require\":{\"php\":\">=5.3.2\",\"nette\\/nette\":\"2.0.*\"},\"conflict\":{\"kdyby\\/framework\":\"self.version\"},\"autoload\":{\"psr-0\":{\"Kdyby\\\\Extension\\\\Forms\\\\BootstrapRenderer\":\"\"}},\"target-dir\":\"Kdyby\\/Extension\\/Forms\\/BootstrapRenderer\",\"version\":\"0.9.1\",\"dist\":{\"type\":\"zip\",\"url\":\"https:\\/\\/github.com\\/Kdyby\\/FormsBootstrapRendererExtension\\/zipball\\/v0.9.1\",\"reference\":null,\"shasum\":null},\"source\":{\"type\":\"git\",\"url\":\"https:\\/\\/github.com\\/Kdyby\\/FormsBootstrapRendererExtension\",\"reference\":\"v0.9.1\"}}'),
(11,	3,	'0.9.0',	'BSD-3,GPLv2,GPLv3',	'zip',	'https://github.com/Kdyby/FormsBootstrapRendererExtension/zipball/v0.9.0',	'git',	'https://github.com/Kdyby/FormsBootstrapRendererExtension',	'v0.9.0',	'{\"name\":\"kdyby\\/bootstrap-form-renderer\",\"description\":\"Nette forms renderer with bootstrap\",\"keywords\":[\"nette\",\"kdyby\",\"forms\",\"bootstrap\"],\"homepage\":\"http:\\/\\/kdyby.org\",\"license\":[\"BSD-3\",\"GPLv2\",\"GPLv3\"],\"authors\":[{\"name\":\"Filip Proch\\u00e1zka\",\"homepage\":\"http:\\/\\/hosiplan.com\"}],\"support\":{\"email\":\"hosiplan@kdyby.org\",\"issues\":\"https:\\/\\/github.com\\/kdyby\\/framework\\/issues\"},\"require\":{\"php\":\">=5.3.2\",\"nette\\/nette\":\"2.0.*\"},\"conflict\":{\"kdyby\\/framework\":\"self.version\"},\"autoload\":{\"psr-0\":{\"Kdyby\\\\Extension\\\\Forms\\\\BootstrapRenderer\":\"\"}},\"target-dir\":\"Kdyby\\/Extension\\/Forms\\/BootstrapRenderer\",\"version\":\"0.9.0\",\"dist\":{\"type\":\"zip\",\"url\":\"https:\\/\\/github.com\\/Kdyby\\/FormsBootstrapRendererExtension\\/zipball\\/v0.9.0\",\"reference\":null,\"shasum\":null},\"source\":{\"type\":\"git\",\"url\":\"https:\\/\\/github.com\\/Kdyby\\/FormsBootstrapRendererExtension\",\"reference\":\"v0.9.0\"}}'),
(12,	3,	'dev-master',	'BSD-3,GPLv2,GPLv3',	'zip',	'https://github.com/Kdyby/FormsBootstrapRendererExtension/zipball/master',	'git',	'https://github.com/Kdyby/FormsBootstrapRendererExtension',	'master',	'{\"name\":\"kdyby\\/bootstrap-form-renderer\",\"description\":\"Nette forms renderer with bootstrap\",\"keywords\":[\"nette\",\"kdyby\",\"forms\",\"bootstrap\"],\"homepage\":\"http:\\/\\/kdyby.org\",\"license\":[\"BSD-3\",\"GPLv2\",\"GPLv3\"],\"authors\":[{\"name\":\"Filip Proch\\u00e1zka\",\"homepage\":\"http:\\/\\/filip-prochazka.com\"}],\"support\":{\"email\":\"filip@prochazka.su\",\"issues\":\"https:\\/\\/github.com\\/kdyby\\/framework\\/issues\"},\"require\":{\"php\":\">=5.3.2\",\"nette\\/nette\":\"*\"},\"conflict\":{\"kdyby\\/framework\":\"self.version\"},\"autoload\":{\"psr-0\":{\"Kdyby\\\\Extension\\\\Forms\\\\BootstrapRenderer\":\"\"}},\"target-dir\":\"Kdyby\\/Extension\\/Forms\\/BootstrapRenderer\",\"version\":\"dev-master\",\"dist\":{\"type\":\"zip\",\"url\":\"https:\\/\\/github.com\\/Kdyby\\/FormsBootstrapRendererExtension\\/zipball\\/master\",\"reference\":null,\"shasum\":null},\"source\":{\"type\":\"git\",\"url\":\"https:\\/\\/github.com\\/Kdyby\\/FormsBootstrapRendererExtension\",\"reference\":\"master\"}}'),
(13,	4,	'2.3.0',	'MIT',	'zip',	'http://projects/NetteAddons/www/upload/jantvrdik-datepicker-2.3.0.zip',	NULL,	NULL,	NULL,	'{\"name\":\"jantvrdik\\/datepicker\",\"description\":\"Form component for selecting date compatible with jQuery UI and HTML 5.\",\"version\":\"2.3.0\",\"license\":[\"MIT\"],\"dist\":{\"type\":\"zip\",\"url\":\"http:\\/\\/projects\\/NetteAddons\\/www\\/upload\\/jantvrdik-datepicker-2.3.0.zip\",\"reference\":null,\"shasum\":null},\"authors\":[{\"name\":\"Merxes\",\"email\":\"me@gmail.com\"}]}'),
(14,	4,	'2.2.0',	'MIT',	'zip',	'http://projects/NetteAddons/www/upload/jantvrdik-datepicker-2.2.0.zip',	NULL,	NULL,	NULL,	'{\"name\":\"jantvrdik\\/datepicker\",\"description\":\"Form component for selecting date compatible with jQuery UI and HTML 5.\",\"version\":\"2.2.0\",\"license\":[\"MIT\"],\"dist\":{\"type\":\"zip\",\"url\":\"http:\\/\\/projects\\/NetteAddons\\/www\\/upload\\/jantvrdik-datepicker-2.2.0.zip\",\"reference\":null,\"shasum\":null},\"authors\":[{\"name\":\"Merxes\",\"email\":\"me@gmail.com\"}]}'),
(15,	4,	'2.1.0',	'MIT',	'zip',	'http://projects/NetteAddons/www/upload/jantvrdik-datepicker-2.1.0.zip',	NULL,	NULL,	NULL,	'{\"name\":\"jantvrdik\\/datepicker\",\"description\":\"Form component for selecting date compatible with jQuery UI and HTML 5.\",\"version\":\"2.1.0\",\"license\":[\"MIT\"],\"dist\":{\"type\":\"zip\",\"url\":\"http:\\/\\/projects\\/NetteAddons\\/www\\/upload\\/jantvrdik-datepicker-2.1.0.zip\",\"reference\":null,\"shasum\":null},\"authors\":[{\"name\":\"Merxes\",\"email\":\"me@gmail.com\"}]}');


INSERT INTO `tags` (`id`, `name`, `slug`, `level`, `visible`) VALUES
(1,	'Vizuální komponenty',	'vizualni-komponenty',	1,	1),
(2,	'Nevizuální komponenty',	'nevizualni-komponenty',	1,	1),
(3,	'Rozšíření formulářů',	'rozsireni-fomrularu',	1,	1),
(4,	'Jazykové mutace',	'jazykove-mutace',	1,	1),
(5,	'AJAX',	'ajax',	1,	1),
(6,	'Helpery a pomůcky pro šablony',	'helpery-a-pomucky-pro-sablony',	1,	1),
(7,	'Rozšíření a nástroje',	'rozsireni-a-nastroje',	1,	1),
(8,	'Panely pro DebugBar',	'panely-pro-debugbar',	1,	1),
(9,	'Datagridy',	'datagridy',	2,	1),
(10,	'JavaScript',	'javascript',	9,	1),
(11,	'CSS',	'css',	9,	1),
(12,	'webloader',	'webloader',	9,	1),
(13,	'assets',	'assets',	9,	1),
(14,	'nette',	'nette',	9,	1),
(15,	'kdyby',	'kdyby',	9,	1),
(16,	'forms',	'forms',	9,	1),
(17,	'bootstrap',	'bootstrap',	9,	1);


INSERT INTO `users` (`id`, `name`, `password`, `email`, `role`) VALUES
(1,	'Merxes',	'6e017b5464f820a6c1bb5e9f6d711a667a80d8ea',	'me@gmail.com',	'moderator'),
(2,	'HosipLan',	'6e017b5464f820a6c1bb5e9f6d711a667a80d8ea',	'hosiplan@gmail.com',	NULL),
(3,	'Vrtak',	'6e017b5464f820a6c1bb5e9f6d711a667a80d8ea',	'vrtak@gmail.com',	NULL),
(4,	'Honza Marek',	'6e017b5464f820a6c1bb5e9f6d711a667a80d8ea',	'mail@janmarek.net',	NULL),
(5,	'Panda',	'6e017b5464f820a6c1bb5e9f6d711a667a80d8ea',	'panda@gmail.com',	NULL),
(6,	'chemiX',	'6e017b5464f820a6c1bb5e9f6d711a667a80d8ea',	'iamchemix@gmail.com',	NULL),
(7,	'dgx',	'6e017b5464f820a6c1bb5e9f6d711a667a80d8ea',	'dgx@gmail.com',	NULL),
(8,	'demo',	'40bd001563085fc35165329ea1ff5c5ecbdbbeef',	'demo@gmail.com',	NULL);

-- 2012-09-04 14:53:00
